frame,player_id,x_center,y_center
0,0,829,518
0,1,449,193
0,2,856,217
0,3,424,461
0,4,165,306
0,5,1111,394
0,6,718,105
0,7,900,150
0,8,387,185
0,9,739,228
0,10,1157,295
0,11,1254,178
0,12,556,474
0,13,570,119
0,14,650,258
0,15,517,474
1,0,839,514
1,5,1118,392
1,3,432,459
1,8,400,185
1,1,461,193
1,4,179,306
1,12,554,473
1,2,864,217
1,9,746,228
1,6,731,105
1,13,583,120
1,7,911,151
1,10,1167,297
1,11,1266,179
1,15,517,476
1,16,824,511
1,14,522,475
2,4,189,305
2,0,848,512
2,5,1121,391
2,1,474,193
2,8,413,185
2,9,756,228
2,3,437,458
2,13,594,120
2,2,876,218
2,7,922,150
2,6,744,105
2,14,553,473
2,10,1175,298
2,11,1273,183
2,12,519,472
2,15,523,489
3,2,888,216
3,0,855,507
3,11,1108,391
3,4,199,306
3,1,487,193
3,13,607,121
3,3,446,458
3,8,427,185
3,9,767,228
3,6,755,105
3,7,934,150
3,10,1181,298
3,14,553,472
3,12,520,474
4,4,208,306
4,9,777,229
4,2,899,217
4,11,1111,392
4,0,862,503
4,1,499,193
4,13,620,122
4,3,457,457
4,8,438,185
4,10,1190,298
4,7,947,151
4,6,767,105
4,14,555,473
4,12,517,472
5,2,908,216
5,0,868,503
5,13,633,121
5,9,788,229
5,1,511,193
5,4,215,307
5,3,462,456
5,11,1117,394
5,10,1201,298
5,7,959,151
5,8,449,184
5,12,519,467
5,6,778,105
5,14,562,470
5,17,521,476
5,18,560,491
6,0,877,501
6,9,799,230
6,1,522,192
6,13,644,121
6,2,918,217
6,7,972,151
6,4,222,306
6,10,1213,297
6,3,467,456
6,8,459,184
6,14,566,469
6,6,791,105
6,11,1123,395
6,12,721,261
6,17,523,480
7,3,473,454
7,0,886,500
7,2,930,217
7,10,1222,298
7,13,656,121
7,12,733,261
7,1,533,192
7,4,229,305
7,7,984,152
7,9,809,231
7,14,574,465
7,8,470,184
7,11,1137,392
7,17,527,481
7,6,804,105
8,10,1231,299
8,2,941,218
8,0,893,499
8,4,239,304
8,7,997,152
8,13,666,120
8,3,484,454
8,11,1137,393
8,8,482,184
8,1,543,192
8,14,578,461
8,9,818,232
8,6,816,105
8,12,746,261
8,17,529,481
8,19,1140,405
9,0,900,494
9,4,250,304
9,2,950,218
9,10,1241,301
9,7,1009,154
9,13,678,121
9,17,536,479
9,3,489,453
9,1,557,192
9,11,1144,395
9,6,828,107
9,9,826,231
9,8,495,185
9,14,583,459
9,12,760,261
10,0,906,490
10,4,260,304
10,7,1021,154
10,13,690,120
10,1,569,192
10,14,592,458
10,6,841,107
10,8,506,185
10,2,958,218
10,9,836,232
10,3,495,451
10,10,1254,302
10,11,1152,392
10,12,773,261
10,17,541,479
11,0,911,489
11,4,266,304
11,11,1154,392
11,1,583,192
11,2,969,217
11,8,518,185
11,14,596,460
11,7,1033,154
11,3,499,447
11,13,703,121
11,6,855,107
11,9,847,232
11,10,1259,303
11,12,786,261
11,17,543,467
12,11,1142,393
12,2,980,218
12,13,716,122
12,1,596,193
12,9,858,232
12,8,531,186
12,0,915,489
12,4,275,304
12,14,598,463
12,7,1046,154
12,6,868,107
12,10,1263,303
12,3,505,447
13,14,602,464
13,0,921,490
13,7,1060,154
13,1,607,193
13,9,867,232
13,11,1153,395
13,2,992,218
13,4,283,305
13,8,543,187
13,13,728,122
13,6,880,107
13,10,1270,295
13,3,518,444
13,20,539,470
14,0,928,489
14,9,876,233
14,2,1001,218
14,1,619,194
14,11,1156,397
14,14,609,459
14,7,1072,155
14,4,288,305
14,8,554,187
14,13,740,124
14,6,891,108
14,3,526,448
14,10,1274,295
14,20,821,261
15,2,1010,219
15,7,1084,155
15,14,611,456
15,1,631,195
15,4,292,305
15,9,886,234
15,10,1159,399
15,8,567,188
15,6,902,109
15,13,750,125
15,0,934,486
15,21,919,487
15,11,550,466
15,22,547,477
15,23,529,453
15,3,546,444
15,20,943,488
15,24,917,494
15,25,520,453
16,2,1020,220
16,7,1095,156
16,1,642,195
16,9,896,235
16,13,762,125
16,10,1171,400
16,4,300,305
16,14,612,457
16,6,912,108
16,21,926,473
16,8,577,188
16,22,546,461
16,24,918,503
16,23,533,470
17,4,309,306
17,7,1105,159
17,10,1170,399
17,14,615,455
17,1,653,196
17,9,903,237
17,2,1031,222
17,13,772,126
17,6,924,109
17,8,586,188
17,22,564,451
17,21,928,482
17,26,939,482
17,24,921,502
17,23,541,479
18,4,314,306
18,7,1117,161
18,10,1173,401
18,2,1039,223
18,1,661,196
18,9,908,236
18,6,935,110
18,8,596,190
18,14,619,455
18,13,782,127
18,26,944,482
18,22,562,453
18,21,933,483
18,23,549,480
18,24,929,486
19,4,319,307
19,26,944,483
19,10,1180,400
19,7,1129,163
19,2,1044,223
19,6,946,111
19,9,914,237
19,1,672,197
19,23,527,485
19,27,623,455
19,22,570,455
19,13,793,127
19,8,607,190
19,14,620,468
19,28,871,265
20,10,1181,400
20,4,326,309
20,7,1140,165
20,2,1052,223
20,26,940,482
20,6,955,113
20,9,923,238
20,22,577,454
20,8,616,191
20,23,526,490
20,28,881,266
20,1,680,197
20,13,804,127
20,27,626,455
21,10,1180,400
21,26,945,483
21,7,1150,166
21,4,333,310
21,8,624,192
21,6,965,113
21,2,1063,223
21,22,579,454
21,1,691,197
21,27,632,457
21,9,931,238
21,13,813,128
21,23,532,488
21,28,891,267
22,10,1180,401
22,26,948,482
22,27,640,458
22,8,632,193
22,7,1161,166
22,2,1070,225
22,22,584,452
22,23,536,490
22,6,973,115
22,4,337,310
22,13,822,129
22,1,699,198
22,9,938,239
22,28,900,268
23,22,587,450
23,26,944,478
23,10,1181,403
23,2,1075,225
23,8,640,193
23,7,1169,166
23,27,643,457
23,1,706,198
23,4,338,309
23,6,979,115
23,9,942,240
23,13,828,129
23,23,533,490
23,28,908,269
24,22,588,450
24,10,1181,404
24,26,938,476
24,2,1077,226
24,27,643,455
24,8,645,193
24,4,338,309
24,7,1174,166
24,23,538,490
24,13,832,129
24,1,710,199
24,6,983,116
24,9,944,241
24,28,913,269
25,27,642,455
25,22,581,450
25,26,931,475
25,4,336,309
25,2,1079,226
25,7,1177,166
25,1,712,199
25,8,647,194
25,23,530,491
25,6,985,115
25,13,834,130
25,9,943,242
25,28,1177,397
25,10,1170,423
26,27,637,456
26,22,578,450
26,4,330,309
26,10,1169,404
26,7,1180,166
26,26,918,475
26,1,713,199
26,23,529,490
26,8,648,193
26,2,1076,226
26,9,940,241
26,6,986,114
26,29,984,122
26,13,836,131
27,4,325,310
27,26,905,476
27,22,578,452
27,10,1162,404
27,1,713,199
27,7,1182,166
27,13,836,131
27,2,1073,230
27,27,629,453
27,6,983,116
27,8,647,193
27,9,936,242
27,23,520,489
28,10,1149,404
28,26,897,475
28,4,322,311
28,23,513,487
28,22,576,452
28,13,836,132
28,27,618,456
28,6,982,117
28,1,713,199
28,2,1071,230
28,7,1186,167
28,9,932,242
28,8,645,192
29,10,1137,404
29,27,613,459
29,4,318,312
29,22,574,452
29,2,1067,229
29,13,834,132
29,23,508,487
29,6,981,117
29,7,1186,167
29,1,711,199
29,8,642,192
29,9,929,241
29,30,874,461
29,31,517,478
29,26,881,468
29,32,863,493
30,10,1128,404
30,23,505,485
30,4,314,312
30,22,573,451
30,2,1064,229
30,1,709,198
30,6,979,118
30,13,833,132
30,7,1186,168
30,30,857,458
30,26,854,474
30,9,926,242
30,27,612,458
30,8,640,193
30,32,847,489
31,4,309,312
31,23,503,484
31,10,1119,406
31,1,706,197
31,6,977,118
31,13,831,130
31,7,1186,169
31,2,1060,229
31,22,570,450
31,26,842,468
31,8,637,193
31,9,918,226
31,30,853,458
32,10,1113,406
32,23,499,483
32,6,975,118
32,2,1056,230
32,4,304,312
32,7,1185,169
32,13,830,130
32,8,632,193
32,22,576,451
32,1,703,198
32,26,824,496
32,9,911,231
32,30,841,457
32,33,589,479
33,10,1110,405
33,22,575,452
33,6,972,119
33,23,493,481
33,4,298,313
33,2,1052,230
33,8,630,194
33,7,1184,169
33,1,699,197
33,13,828,130
33,9,905,244
33,26,835,471
33,30,822,472
33,33,588,466
34,23,488,479
34,2,1050,231
34,22,566,457
34,26,819,469
34,10,1107,405
34,4,293,314
34,6,971,118
34,8,628,194
34,7,1184,169
34,13,825,130
34,1,696,197
34,9,900,247
34,33,591,450
35,23,485,478
35,4,285,315
35,2,1046,232
35,22,558,456
35,8,627,194
35,26,810,465
35,6,970,118
35,7,1184,169
35,10,1104,405
35,1,693,198
35,13,822,130
35,9,896,245
35,33,594,445
36,23,483,478
36,22,553,457
36,4,279,315
36,26,798,462
36,1,692,198
36,2,1044,232
36,8,626,194
36,6,969,118
36,33,595,445
36,9,892,244
36,7,1185,169
36,13,821,131
36,10,1101,391
36,34,1088,420
36,35,1274,348
37,23,481,478
37,22,552,456
37,4,273,316
37,1,690,198
37,8,624,195
37,33,598,446
37,2,1041,232
37,6,968,118
37,9,889,244
37,26,785,462
37,7,1187,169
37,34,1082,417
37,13,819,131
37,35,1273,330
37,10,1098,390
37,36,1093,397
38,23,477,480
38,22,551,457
38,4,270,317
38,1,689,199
38,33,601,448
38,2,1040,233
38,9,885,244
38,6,967,118
38,8,623,195
38,7,1187,169
38,13,818,131
38,36,1083,403
38,35,1273,326
38,34,763,484
38,26,776,446
39,23,476,481
39,4,268,317
39,1,688,199
39,22,546,455
39,6,966,119
39,2,1039,233
39,33,603,449
39,8,620,196
39,9,880,245
39,7,1189,169
39,13,817,132
39,35,1270,325
39,37,753,476
39,38,1073,414
39,36,1084,394
39,39,1069,420
39,34,756,455
39,26,764,450
40,22,541,453
40,23,473,482
40,4,267,318
40,1,687,200
40,2,1036,233
40,6,964,119
40,33,605,450
40,9,876,247
40,8,618,196
40,13,816,132
40,35,1267,325
40,7,1189,169
40,36,1083,395
40,37,737,483
40,26,755,450
40,39,1059,422
40,34,743,460
41,34,731,465
41,23,469,483
41,4,266,317
41,1,685,200
41,2,1033,234
41,33,610,449
41,6,963,119
41,22,537,452
41,9,871,249
41,7,1190,169
41,13,815,133
41,8,616,195
41,36,1077,397
41,35,1264,324
41,39,1055,424
41,37,1059,419
42,33,610,447
42,22,531,450
42,23,466,483
42,6,961,120
42,4,264,316
42,9,868,250
42,2,1030,236
42,34,725,468
42,37,1061,409
42,1,683,200
42,7,1190,171
42,35,1258,325
42,13,815,133
42,8,615,196
43,23,462,483
43,4,262,316
43,22,524,449
43,6,960,121
43,1,681,201
43,2,1027,237
43,7,1189,173
43,33,614,446
43,35,1252,326
43,37,1054,421
43,9,863,251
43,13,814,134
43,8,613,197
43,40,1068,400
43,41,722,478
43,34,710,484
44,34,713,467
44,35,1248,326
44,23,460,483
44,33,619,444
44,22,517,448
44,4,258,316
44,13,811,134
44,2,1024,238
44,6,958,123
44,7,1189,174
44,9,857,252
44,41,1051,419
44,1,679,201
44,8,610,197
44,37,1057,408
44,42,1068,399
44,40,1063,403
45,35,1242,328
45,23,456,483
45,34,704,465
45,22,509,449
45,33,633,444
45,2,1020,238
45,4,254,315
45,7,1189,175
45,6,957,122
45,9,851,252
45,8,606,197
45,1,675,201
45,13,810,134
45,42,1058,407
45,41,1043,419
45,37,1042,428
45,40,1048,412
46,35,1238,330
46,37,696,461
46,40,1047,410
46,33,633,443
46,8,602,198
46,2,1016,238
46,7,1188,176
46,6,954,122
46,22,501,447
46,4,250,315
46,23,448,503
46,9,845,252
46,42,670,202
46,13,809,130
46,34,466,463
46,1,806,144
47,40,1043,412
47,8,598,198
47,35,1233,331
47,2,1011,238
47,7,1187,176
47,33,632,442
47,37,690,456
47,6,952,122
47,22,492,450
47,4,245,314
47,9,838,252
47,23,445,502
47,42,667,201
47,13,806,134
47,34,462,466
48,40,1039,414
48,35,1224,330
48,33,635,438
48,37,679,472
48,8,595,198
48,9,832,253
48,2,1005,238
48,23,440,504
48,6,949,122
48,22,487,453
48,42,663,201
48,43,693,438
48,7,1185,176
48,13,802,134
48,4,239,316
48,34,457,469
49,40,1032,417
49,35,1218,331
49,33,636,434
49,2,999,239
49,8,592,199
49,6,946,123
49,37,672,469
49,4,232,316
49,22,480,455
49,9,824,255
49,7,1184,176
49,23,436,507
49,43,688,438
49,42,656,202
49,13,800,136
50,35,1210,333
50,40,1026,419
50,33,633,433
50,42,650,203
50,2,993,241
50,8,587,200
50,43,684,434
50,6,941,124
50,37,667,466
50,4,224,317
50,7,1182,176
50,9,818,256
50,22,474,455
50,13,794,136
50,23,432,508
50,44,447,476
51,40,1021,422
51,35,1200,334
51,33,633,433
51,42,644,203
51,22,468,454
51,8,582,200
51,2,987,242
51,23,428,493
51,7,1180,176
51,6,937,125
51,4,217,317
51,9,810,257
51,13,788,137
51,43,676,431
51,45,911,275
51,37,663,453
51,44,668,432
52,35,1191,336
52,33,630,434
52,40,1016,424
52,2,982,244
52,42,638,204
52,4,210,318
52,8,577,200
52,7,1178,176
52,23,424,493
52,22,462,453
52,6,933,127
52,13,783,138
52,37,665,442
52,9,801,259
53,35,1182,339
53,40,1011,426
53,42,632,205
53,4,204,319
53,2,975,244
53,7,1176,176
53,33,630,431
53,13,777,139
53,23,419,494
53,8,571,201
53,6,928,128
53,22,452,452
53,37,656,439
53,9,794,259
53,46,641,436
54,35,1173,341
54,40,1007,427
54,23,415,493
54,2,969,245
54,7,1173,177
54,4,198,320
54,42,627,206
54,8,563,202
54,6,922,130
54,9,787,260
54,22,444,433
54,37,650,438
54,33,632,430
55,35,1160,342
55,40,1005,427
55,4,192,320
55,2,963,246
55,37,648,433
55,42,621,207
55,9,780,262
55,23,411,507
55,6,916,132
55,47,766,141
55,7,1168,178
55,8,555,203
55,22,434,430
55,33,630,432
55,48,424,471
55,49,637,431
56,35,1152,344
56,40,1004,427
56,42,614,208
56,4,185,321
56,23,406,494
56,2,956,247
56,9,771,263
56,33,640,433
56,47,760,142
56,7,1163,180
56,22,425,427
56,6,910,133
56,8,547,203
57,40,1005,427
57,35,1144,345
57,33,635,430
57,4,179,322
57,23,402,495
57,6,905,134
57,2,949,248
57,7,1157,182
57,42,607,209
57,9,761,265
57,47,753,143
57,8,539,206
57,22,417,424
58,40,1006,427
58,23,397,498
58,35,1138,347
58,6,898,135
58,42,599,209
58,7,1150,184
58,2,941,250
58,8,530,206
58,9,752,267
58,4,171,322
58,33,623,431
58,47,746,144
58,22,407,426
58,50,648,423
59,7,1145,186
59,23,391,500
59,40,1006,426
59,35,1131,349
59,6,892,135
59,4,164,322
59,2,933,251
59,9,743,270
59,8,522,207
59,42,591,210
59,47,739,145
59,22,399,436
59,33,617,430
59,50,648,413
59,51,1269,99
60,23,387,502
60,40,1004,427
60,7,1140,188
60,35,1124,349
60,6,886,135
60,8,513,208
60,2,926,252
60,33,613,430
60,22,388,441
60,9,735,270
60,42,583,211
60,47,732,145
60,4,155,324
60,50,648,414
61,7,1133,190
61,35,1116,349
61,2,919,254
61,8,504,209
61,23,381,504
61,40,1001,424
61,6,880,135
61,33,604,429
61,22,378,444
61,47,725,146
61,9,726,271
61,42,574,211
61,50,645,419
61,4,147,324
61,52,862,286
62,23,375,505
62,35,1107,351
62,7,1128,190
62,40,997,429
62,22,369,447
62,6,875,135
62,8,497,210
62,33,599,429
62,2,912,254
62,4,138,325
62,42,565,212
62,9,716,272
62,50,645,413
62,47,718,146
62,52,857,286
63,40,993,429
63,35,1098,352
63,22,362,448
63,2,903,255
63,23,369,504
63,33,594,430
63,6,869,137
63,50,641,415
63,7,1124,190
63,42,557,213
63,8,489,210
63,4,131,325
63,47,710,147
63,9,707,273
64,40,987,429
64,9,1087,354
64,50,637,414
64,22,352,449
64,23,366,505
64,33,589,429
64,2,896,255
64,42,549,214
64,8,482,211
64,4,123,326
64,6,864,139
64,35,1122,191
64,7,849,287
64,47,703,148
65,9,1077,357
65,40,986,429
65,22,344,450
65,2,888,257
65,50,639,411
65,6,858,140
65,42,541,215
65,4,116,327
65,23,360,516
65,35,1123,192
65,8,474,212
65,47,594,425
65,33,585,427
65,53,380,485
65,7,845,287
65,54,691,276
66,9,1069,360
66,40,986,429
66,50,640,411
66,22,333,450
66,2,881,258
66,23,358,511
66,42,533,215
66,6,851,142
66,8,465,212
66,4,109,328
66,35,1121,193
66,33,584,426
66,47,689,150
66,53,377,482
67,33,585,424
67,9,1062,362
67,23,358,504
67,40,984,429
67,22,324,449
67,2,873,258
67,50,644,410
67,6,844,142
67,42,525,216
67,4,101,329
67,35,1118,192
67,8,457,213
67,47,675,278
67,55,1209,105
68,33,588,424
68,9,1055,364
68,40,982,428
68,22,315,446
68,23,357,503
68,50,645,410
68,6,838,143
68,2,865,260
68,35,1113,194
68,42,516,218
68,4,93,330
68,47,666,280
68,8,448,214
68,56,675,152
69,9,1050,366
69,22,306,446
69,2,858,261
69,33,589,423
69,50,645,410
69,40,977,429
69,23,355,504
69,47,658,282
69,42,507,218
69,4,83,330
69,6,831,143
69,8,439,214
69,35,1109,195
69,56,668,153
70,9,1046,366
70,40,973,429
70,22,296,446
70,50,645,406
70,23,349,506
70,33,587,421
70,4,73,330
70,6,824,145
70,42,497,219
70,2,851,262
70,56,660,152
70,8,429,214
70,47,648,282
70,35,1106,193
71,9,1041,367
71,40,972,429
71,22,287,446
71,50,647,402
71,2,842,264
71,42,489,219
71,33,592,413
71,4,63,332
71,35,1103,197
71,6,817,146
71,8,418,214
71,23,343,507
71,47,640,282
71,56,653,153
72,9,1036,368
72,23,336,509
72,22,279,445
72,50,651,403
72,4,54,333
72,33,588,417
72,56,645,153
72,2,835,265
72,6,810,146
72,8,408,215
72,47,630,283
72,42,479,220
72,35,1106,198
72,40,977,430
73,9,1031,369
73,22,270,445
73,33,579,420
73,23,328,511
73,4,44,334
73,50,653,402
73,6,803,147
73,42,469,221
73,2,826,267
73,8,398,215
73,35,1098,198
73,47,621,284
73,40,977,430
73,56,636,154
73,57,793,294
73,58,968,414
74,9,1028,369
74,40,971,429
74,33,578,421
74,35,1095,198
74,50,647,402
74,22,261,440
74,23,321,511
74,4,35,335
74,8,387,215
74,56,628,153
74,2,818,268
74,47,612,286
74,42,459,221
74,6,797,147
74,57,786,295
75,22,253,440
75,9,1025,370
75,50,646,400
75,23,314,513
75,40,966,429
75,33,579,421
75,35,1090,197
75,2,810,269
75,4,26,337
75,56,620,154
75,8,377,215
75,6,790,148
75,42,449,221
75,47,603,287
75,57,777,294
76,23,308,514
76,9,1019,370
76,40,959,428
76,4,18,337
76,50,647,396
76,22,245,439
76,2,803,270
76,33,578,421
76,35,1085,197
76,47,593,289
76,42,438,222
76,6,783,148
76,56,611,153
76,8,366,216
76,57,770,295
77,40,956,428
77,9,1013,370
77,22,236,441
77,2,795,270
77,35,1082,198
77,50,651,396
77,47,583,290
77,4,14,338
77,8,356,216
77,23,301,520
77,33,573,422
77,56,603,154
77,6,776,148
77,42,428,222
77,57,763,295
77,59,1273,343
77,60,316,495
78,9,1010,372
78,40,952,428
78,2,789,271
78,22,230,442
78,33,573,420
78,23,299,514
78,50,651,396
78,47,574,291
78,8,345,217
78,35,1079,198
78,59,1267,344
78,56,595,154
78,6,769,149
78,42,417,223
78,60,9,341
78,4,5,337
79,9,1008,374
79,50,649,396
79,22,222,442
79,40,949,428
79,23,296,515
79,2,782,271
79,47,566,291
79,59,1260,346
79,42,406,223
79,56,587,154
79,8,335,217
79,6,762,150
79,35,1077,199
79,4,584,411
79,61,594,431
79,60,4,352
79,33,575,418
80,22,215,442
80,9,1008,376
80,40,945,427
80,50,653,391
80,23,294,515
80,2,778,273
80,59,1251,347
80,8,325,217
80,6,755,150
80,47,558,292
80,56,579,155
80,42,395,224
80,61,576,420
80,35,1076,198
81,22,206,441
81,9,1006,377
81,40,941,426
81,23,288,515
81,59,1240,348
81,6,749,151
81,47,551,294
81,2,772,273
81,50,659,390
81,35,1076,199
81,8,315,217
81,61,578,420
81,56,569,155
81,42,384,225
81,62,588,421
82,9,1002,379
82,22,198,438
82,23,280,514
82,40,939,426
82,59,1230,349
82,6,741,151
82,35,1071,197
82,47,541,295
82,2,768,274
82,42,374,225
82,8,304,217
82,56,560,155
82,50,656,391
82,62,581,420
83,9,997,379
83,22,191,436
83,50,655,392
83,23,274,515
83,2,762,274
83,8,294,217
83,59,1220,350
83,40,935,426
83,47,532,296
83,56,551,155
83,6,734,150
83,35,1067,197
83,62,586,421
83,42,364,226
84,23,267,514
84,50,651,391
84,9,992,380
84,22,183,435
84,35,1063,198
84,6,726,152
84,59,1210,351
84,40,932,425
84,56,542,156
84,62,583,420
84,8,284,217
84,47,523,297
84,42,354,227
84,2,755,274
85,9,989,383
85,23,261,515
85,50,653,389
85,2,750,275
85,22,176,435
85,56,533,156
85,40,931,426
85,62,580,418
85,59,1199,351
85,6,718,153
85,35,1060,198
85,42,343,227
85,47,513,298
85,8,273,217
86,9,987,383
86,23,256,515
86,40,929,426
86,50,650,386
86,22,169,436
86,56,523,156
86,6,710,153
86,59,1189,352
86,8,263,217
86,2,743,276
86,42,332,227
86,35,1058,199
86,47,503,299
86,62,582,418
87,23,250,517
87,9,986,382
87,40,925,427
87,62,584,419
87,50,653,386
87,2,738,277
87,56,514,156
87,59,1179,352
87,6,704,153
87,22,163,437
87,8,250,218
87,42,320,228
87,47,494,299
87,35,1058,200
88,23,247,517
88,22,153,437
88,40,920,425
88,56,504,156
88,47,484,298
88,6,696,154
88,42,308,228
88,50,658,387
88,8,237,217
88,59,1167,351
88,63,988,382
88,2,733,279
88,35,1052,200
88,64,595,419
88,62,585,419
88,9,984,391
88,65,978,405
89,40,911,423
89,22,142,438
89,23,242,518
89,47,473,298
89,42,296,228
89,56,492,156
89,6,689,154
89,35,1049,201
89,62,588,420
89,63,987,374
89,8,225,217
89,65,980,405
89,59,1155,353
89,64,658,387
89,2,729,279
89,50,669,300
90,40,906,420
90,23,233,518
90,22,132,437
90,64,656,385
90,6,681,154
90,35,1041,199
90,42,282,228
90,2,723,281
90,56,482,156
90,8,212,217
90,62,589,420
90,59,1144,353
90,47,462,298
90,63,983,370
90,65,978,405
90,50,658,299
91,22,121,436
91,40,899,418
91,62,585,419
91,59,1132,354
91,6,672,154
91,35,1034,198
91,64,656,380
91,42,268,228
91,56,472,156
91,8,199,218
91,23,227,516
91,63,979,372
91,50,647,300
91,65,975,411
91,66,713,287
91,47,450,298
91,2,716,274
91,67,209,555
92,22,112,434
92,62,582,418
92,23,213,517
92,40,892,417
92,35,1028,199
92,6,662,153
92,64,655,377
92,56,461,157
92,59,1120,354
92,42,254,229
92,47,439,299
92,63,974,389
92,8,185,218
92,65,707,288
92,66,708,277
92,50,638,300
92,2,1274,238
93,22,102,433
93,23,204,517
93,63,969,389
93,62,578,418
93,40,884,417
93,6,653,154
93,47,427,300
93,35,1021,199
93,42,241,229
93,56,451,156
93,59,1107,353
93,64,654,379
93,8,172,217
93,66,708,276
93,65,691,284
93,2,629,301
93,50,701,278
94,23,197,518
94,40,867,415
94,22,93,432
94,63,964,389
94,47,414,300
94,6,643,154
94,42,227,229
94,35,1014,199
94,59,1096,354
94,56,439,156
94,66,701,278
94,50,657,378
94,8,159,218
94,62,580,418
94,65,1270,244
94,2,622,301
94,64,593,423
94,68,196,535
95,22,85,432
95,40,859,412
95,23,187,517
95,63,960,388
95,62,580,419
95,6,635,154
95,59,1084,353
95,42,213,230
95,47,401,300
95,50,653,377
95,56,428,155
95,65,1265,242
95,66,697,280
95,8,145,217
95,35,1010,199
95,2,615,301
96,22,78,434
96,23,181,518
96,40,855,408
96,63,956,392
96,50,652,374
96,47,388,300
96,42,200,230
96,59,1072,353
96,6,627,154
96,56,415,155
96,62,591,421
96,8,131,217
96,65,1261,240
96,35,1007,200
96,66,691,278
96,2,607,301
97,22,75,434
97,23,176,519
97,40,852,407
97,47,377,299
97,50,652,371
97,59,1061,353
97,56,403,155
97,42,186,230
97,6,619,154
97,65,1256,240
97,66,680,280
97,35,1005,199
97,8,118,217
97,62,586,422
97,69,959,388
97,63,955,413
97,2,598,299
97,70,1274,305
98,23,171,520
98,22,67,434
98,40,847,406
98,65,1255,240
98,56,392,155
98,47,365,299
98,6,608,154
98,42,172,230
98,66,677,277
98,50,574,422
98,8,103,217
98,2,651,370
98,62,1048,348
98,35,998,197
98,63,953,411
98,69,956,370
98,59,1050,358
98,70,1273,302
99,23,161,520
99,22,56,434
99,40,839,406
99,62,1036,354
99,6,597,154
99,56,380,155
99,47,354,299
99,65,1253,240
99,2,649,369
99,35,989,197
99,42,157,231
99,50,576,421
99,66,669,274
99,8,88,217
99,69,947,393
99,70,1273,303
100,40,830,403
100,69,942,394
100,22,45,433
100,35,982,199
100,23,148,519
100,56,366,155
100,65,1248,241
100,62,1024,355
100,6,587,155
100,66,661,277
100,50,571,420
100,47,345,299
100,42,142,231
100,2,654,369
100,8,74,217
100,70,1273,308
101,40,819,399
101,23,136,519
101,50,565,420
101,69,935,396
101,66,652,278
101,65,1240,240
101,35,976,199
101,6,576,156
101,22,35,430
101,62,1011,355
101,56,352,155
101,42,127,231
101,8,58,217
101,2,651,369
101,47,334,299
101,71,556,299
101,70,1267,306
102,22,28,429
102,40,815,396
102,65,1230,240
102,50,568,420
102,62,999,355
102,66,644,278
102,69,930,396
102,6,567,155
102,23,127,519
102,2,649,379
102,56,338,155
102,8,44,217
102,35,968,200
102,42,111,231
102,47,322,300
102,70,1259,303
103,23,118,519
103,22,22,429
103,50,566,420
103,8,30,218
103,62,986,355
103,66,638,279
103,69,652,365
103,40,810,395
103,56,326,154
103,2,932,396
103,47,308,301
103,42,97,232
103,65,1226,242
103,6,558,155
103,35,964,201
103,70,1256,301
104,23,108,520
104,22,16,431
104,40,802,395
104,2,931,396
104,50,574,422
104,66,631,280
104,65,1220,243
104,47,295,301
104,8,18,218
104,62,974,356
104,42,82,232
104,69,653,364
104,56,314,153
104,6,551,156
104,35,960,201
104,70,1254,299
104,72,1267,236
105,40,796,393
105,23,101,522
105,62,961,356
105,35,951,200
105,47,282,301
105,6,540,155
105,22,11,433
105,8,10,217
105,2,930,394
105,69,656,364
105,65,1219,243
105,66,625,280
105,42,66,232
105,50,568,425
105,56,302,152
105,70,1251,298
105,72,1271,241
106,69,650,363
106,23,94,523
106,40,784,390
106,47,269,303
106,2,922,392
106,65,1219,243
106,6,530,154
106,35,943,199
106,42,52,232
106,62,949,356
106,66,621,280
106,56,290,151
106,50,562,424
106,22,6,424
106,70,1249,300
106,72,1262,251
106,73,1263,242
107,69,645,361
107,40,778,385
107,23,87,524
107,47,256,303
107,35,935,197
107,6,519,155
107,2,918,391
107,65,1213,243
107,66,614,280
107,42,37,232
107,50,557,425
107,62,937,353
107,56,279,151
107,70,1244,296
107,73,1260,238
108,74,492,297
108,40,771,380
108,35,926,199
108,69,645,361
108,2,914,391
108,6,508,157
108,47,241,303
108,66,606,280
108,70,1236,295
108,23,76,522
108,42,25,233
108,50,552,424
108,65,1204,243
108,56,266,152
108,62,926,354
108,73,1257,231
109,66,598,279
109,50,545,423
109,47,229,303
109,40,764,378
109,23,62,524
109,6,500,156
109,65,1196,242
109,70,1230,293
109,42,12,233
109,69,642,361
109,2,912,392
109,35,920,199
109,74,483,300
109,73,1250,237
109,56,253,152
109,62,915,355
110,23,54,524
110,66,593,278
110,47,216,303
110,50,543,422
110,70,1227,294
110,6,491,156
110,74,474,299
110,40,759,379
110,35,915,200
110,2,911,394
110,69,645,362
110,65,1195,243
110,73,1249,238
110,56,240,152
110,62,903,352
110,42,6,223
110,75,1273,593
111,66,588,278
111,23,45,523
111,47,205,304
111,50,541,422
111,40,754,378
111,56,228,152
111,6,482,157
111,70,1223,293
111,2,908,397
111,62,892,355
111,65,1195,242
111,73,1244,239
111,35,911,201
111,69,648,361
111,42,46,541
111,75,1270,583
112,23,37,523
112,50,538,423
112,66,582,279
112,2,907,398
112,56,215,152
112,47,194,304
112,6,474,156
112,70,1220,294
112,69,651,360
112,35,908,201
112,65,1195,242
112,40,746,377
112,62,881,355
112,73,1243,239
112,76,741,377
112,75,1270,584
112,77,458,300
112,42,37,541
113,23,27,524
113,2,903,398
113,62,872,354
113,56,203,152
113,47,183,304
113,69,651,361
113,66,576,279
113,6,467,156
113,35,904,201
113,70,1220,291
113,73,1238,237
113,50,535,424
113,40,738,375
113,65,1189,242
113,75,1273,580
114,2,896,397
114,23,23,525
114,66,573,279
114,70,1213,290
114,69,647,361
114,62,862,354
114,56,190,152
114,50,536,425
114,65,1183,244
114,6,457,155
114,35,896,198
114,47,174,304
114,75,720,384
114,73,1239,233
114,40,735,360
114,78,449,300
115,23,19,526
115,50,535,425
115,2,889,397
115,69,643,359
115,35,888,197
115,66,570,279
115,56,178,151
115,70,1206,288
115,6,447,154
115,62,854,354
115,47,163,304
115,65,1180,240
115,73,1237,231
115,75,715,370
115,40,731,357
116,2,888,399
116,50,529,424
116,6,437,154
116,40,708,367
116,66,562,278
116,35,881,197
116,73,1234,240
116,69,636,359
116,56,166,151
116,70,1202,285
116,23,16,526
116,47,150,303
116,65,1179,241
116,62,844,343
116,75,846,364
117,50,524,422
117,2,886,398
117,66,553,278
117,69,633,357
117,35,876,197
117,70,1198,283
117,73,1230,241
117,6,428,153
117,47,137,303
117,56,154,151
117,40,707,366
117,65,1174,244
117,23,12,511
117,62,835,350
117,79,1269,571
117,75,835,361
118,69,629,356
118,2,887,398
118,50,523,419
118,6,419,154
118,66,544,278
118,47,125,304
118,70,1195,281
118,73,1226,243
118,35,870,198
118,40,704,364
118,65,1175,247
118,56,143,148
118,62,824,353
118,79,1267,565
118,23,7,516
118,75,7,497
119,2,885,397
119,50,523,419
119,62,813,352
119,66,537,278
119,47,112,304
119,69,625,354
119,40,692,363
119,6,408,153
119,73,1222,243
119,65,1172,247
119,56,130,147
119,35,869,199
119,70,1192,282
119,79,1268,565
120,69,620,352
120,2,878,395
120,50,519,419
120,40,683,362
120,47,98,304
120,66,532,279
120,6,398,154
120,65,1163,246
120,73,1217,242
120,70,1185,280
120,56,115,148
120,35,857,199
120,62,804,355
120,79,1271,569
121,2,871,392
121,62,790,351
121,69,615,351
121,47,81,304
121,73,1208,239
121,50,507,419
121,35,851,198
121,6,388,153
121,80,683,359
121,56,100,148
121,66,527,280
121,70,1170,281
121,65,1157,244
121,40,676,362
121,79,1274,574
122,2,864,392
122,62,778,350
122,47,64,304
122,69,609,351
122,35,840,197
122,6,378,153
122,56,84,148
122,70,1162,279
122,80,682,354
122,65,1160,235
122,50,505,419
122,66,515,279
122,73,1202,235
122,79,1269,561
122,81,374,294
122,40,665,372
123,2,859,391
123,69,600,352
123,47,47,305
123,56,70,148
123,35,830,196
123,50,502,417
123,80,670,357
123,70,1153,279
123,62,769,351
123,79,1263,558
123,65,1156,233
123,66,507,280
123,6,365,152
123,73,1193,234
123,40,1202,252
123,81,367,293
124,2,854,393
124,81,663,357
124,62,760,349
124,47,32,304
124,35,822,198
124,50,495,416
124,66,498,279
124,79,1259,557
124,70,1146,277
124,69,593,352
124,56,55,148
124,73,1187,241
124,6,353,153
124,65,1151,233
125,50,491,416
125,6,345,153
125,79,1257,554
125,2,853,394
125,35,816,197
125,69,587,351
125,81,661,357
125,73,1190,242
125,62,751,349
125,56,43,149
125,47,21,304
125,70,1140,277
125,66,490,280
125,82,490,294
125,65,1149,233
125,83,346,291
126,50,491,416
126,66,488,279
126,82,587,348
126,62,744,350
126,56,32,148
126,79,1257,552
126,6,339,153
126,81,658,354
126,2,857,394
126,35,812,198
126,47,15,304
126,73,1190,243
126,70,1138,274
126,65,1149,231
126,69,1138,284
127,81,653,354
127,50,497,417
127,82,587,345
127,66,486,279
127,2,859,391
127,56,22,147
127,62,738,350
127,6,333,154
127,73,1188,245
127,79,1259,552
127,35,810,199
127,70,1136,275
127,47,11,304
127,65,1151,235
127,69,1267,553
128,62,733,351
128,50,494,418
128,2,857,390
128,81,650,354
128,66,482,280
128,82,587,344
128,6,326,154
128,73,1187,244
128,70,1137,276
128,35,813,200
128,79,1262,552
128,65,1156,244
128,56,15,147
128,47,7,304
129,50,493,418
129,2,854,389
129,62,727,352
129,56,9,147
129,81,645,356
129,82,585,344
129,66,477,280
129,35,811,199
129,6,320,155
129,73,1188,244
129,70,1134,276
129,65,1155,248
129,79,1265,552
129,84,665,338
130,62,720,352
130,2,852,387
130,50,488,418
130,66,476,280
130,35,803,197
130,70,1130,275
130,56,314,155
130,73,1183,244
130,82,579,343
130,81,644,356
130,65,1150,251
130,84,665,335
130,79,1270,565
130,6,1271,543
131,62,713,352
131,50,489,417
131,82,576,341
131,35,796,197
131,70,1125,275
131,2,855,388
131,66,476,279
131,56,307,154
131,73,1180,243
131,65,1149,249
131,84,662,333
131,85,653,359
131,6,1271,559
131,81,645,344
131,79,1271,580
132,62,704,352
132,35,792,198
132,82,577,338
132,66,469,279
132,70,1122,276
132,50,486,417
132,2,850,390
132,56,299,155
132,73,1179,244
132,65,1148,248
132,79,1268,573
132,81,647,346
132,6,1268,556
132,86,1270,541
132,84,655,338
132,87,1275,328
132,85,647,356
133,62,697,351
133,82,573,338
133,50,482,416
133,66,463,279
133,2,850,392
133,56,291,154
133,35,789,198
133,81,647,348
133,70,1117,277
133,73,1179,246
133,65,1146,250
133,87,1272,319
133,79,1266,569
133,6,1266,553
134,50,483,415
134,66,459,278
134,82,573,338
134,56,284,153
134,73,1180,247
134,70,1110,278
134,35,787,199
134,65,1143,253
134,88,858,391
134,87,1267,313
134,79,1265,568
134,2,695,349
134,81,644,347
134,6,1265,553
134,62,641,357
134,89,298,289
135,66,456,278
135,88,858,391
135,50,482,415
135,56,277,154
135,82,568,337
135,81,644,342
135,87,1265,313
135,70,1104,278
135,73,1179,248
135,65,1139,254
135,35,782,199
135,62,690,362
135,2,691,326
135,79,1266,566
135,6,1266,550
136,88,855,390
136,50,480,417
136,82,565,336
136,56,270,153
136,66,451,280
136,73,1174,249
136,81,641,342
136,87,1266,312
136,70,1096,278
136,35,779,200
136,62,685,363
136,65,1140,255
136,2,685,331
136,79,1268,563
136,90,685,349
136,6,1269,545
137,88,852,388
137,50,475,418
137,82,562,333
137,70,1086,277
137,56,263,155
137,87,1264,311
137,35,776,200
137,73,1169,250
137,66,447,280
137,62,679,363
137,81,640,343
137,65,1138,253
137,79,1271,557
137,2,677,333
138,88,849,385
138,82,560,328
138,87,1260,310
138,50,467,418
138,70,1074,275
138,66,446,280
138,35,770,198
138,56,258,154
138,62,673,363
138,73,1164,250
138,81,642,343
138,91,1269,555
138,65,1140,256
138,79,1137,257
138,2,651,342
138,92,647,332
139,87,1256,308
139,70,1060,274
139,82,555,327
139,35,764,199
139,66,440,280
139,56,249,154
139,88,851,385
139,91,1264,551
139,50,461,418
139,73,1163,252
139,2,669,353
139,65,1135,257
139,92,646,344
140,70,1043,273
140,66,432,281
140,82,554,327
140,35,759,201
140,87,1253,307
140,56,239,155
140,91,1260,549
140,50,457,416
140,92,640,342
140,88,846,386
140,2,662,367
140,73,1158,250
140,65,1136,258
140,93,634,349
140,94,460,439
141,70,1028,272
141,66,426,280
141,94,453,414
141,87,1250,307
141,91,1257,547
141,56,229,155
141,82,548,326
141,35,754,202
141,2,654,347
141,88,848,387
141,50,250,290
141,73,1150,251
141,95,1131,268
141,92,634,344
141,93,627,344
141,65,1131,257
142,87,1243,307
142,66,420,279
142,88,852,387
142,94,448,411
142,56,220,155
142,70,1012,272
142,82,542,326
142,35,746,201
142,50,243,291
142,95,1128,259
142,91,1258,545
142,92,645,365
142,93,627,346
142,2,1270,544
142,65,652,316
143,88,846,386
143,66,416,279
143,94,442,408
143,87,1234,306
143,56,211,155
143,70,996,272
143,35,743,203
143,82,535,324
143,91,1261,549
143,93,629,352
143,2,1124,258
143,65,650,320
143,95,1139,264
143,92,643,354
144,94,437,407
144,88,842,384
144,87,1227,305
144,93,624,353
144,82,530,321
144,96,408,280
144,56,201,156
144,2,1124,261
144,70,983,273
144,35,742,203
144,65,648,320
144,91,1266,550
144,66,224,291
145,88,839,383
145,94,428,410
145,93,616,354
145,56,194,156
145,87,1222,306
145,35,735,203
145,2,1123,263
145,65,646,318
145,91,1262,549
145,70,971,274
145,96,410,281
145,82,525,318
145,66,405,282
146,2,1214,306
146,94,425,410
146,35,728,203
146,70,958,274
146,91,1258,548
146,88,840,384
146,93,611,355
146,56,187,158
146,66,1119,263
146,82,523,318
146,96,406,280
146,65,643,328
146,87,1105,246
146,97,1110,249
147,94,418,412
147,2,1208,305
147,35,724,204
147,70,944,273
147,93,605,355
147,88,840,387
147,91,1257,547
147,96,401,281
147,56,179,159
147,87,849,387
147,82,518,317
147,65,640,330
147,97,1119,264
147,66,1103,262
148,94,413,414
148,96,395,281
148,2,1206,305
148,35,722,205
148,88,846,387
148,82,514,317
148,70,933,273
148,91,1258,545
148,56,171,160
148,97,1118,264
148,93,602,354
148,66,1097,258
148,65,640,331
149,94,408,416
149,56,164,161
149,35,718,206
149,96,391,280
149,70,921,273
149,93,600,354
149,88,854,388
149,82,510,312
149,65,643,333
149,97,1115,264
149,66,1095,258
149,91,1261,547
149,2,1203,306
149,98,1208,302
150,88,853,389
150,94,401,419
150,93,594,355
150,96,388,281
150,82,506,310
150,56,158,161
150,97,1115,265
150,35,715,208
150,65,648,334
150,2,1205,306
150,70,907,273
150,66,1090,257
150,91,1268,548
151,88,852,388
151,94,393,420
151,96,387,281
151,82,503,307
151,93,589,355
151,2,1202,306
151,35,715,209
151,56,151,162
151,70,891,273
151,65,649,336
151,97,1115,266
151,66,1085,257
151,91,1271,549
152,88,853,384
152,2,1201,306
152,94,384,421
152,93,585,355
152,97,1115,268
152,96,382,282
152,82,501,307
152,56,147,163
152,35,715,209
152,66,1081,257
152,70,876,274
152,65,644,336
152,91,1267,560
153,94,377,421
153,88,856,385
153,2,1200,305
153,35,711,210
153,66,1080,258
153,93,583,356
153,56,145,164
153,82,499,308
153,91,1264,561
153,65,650,336
153,70,865,274
153,96,381,283
153,97,1114,271
154,88,858,386
154,94,373,421
154,2,1201,306
154,93,579,356
154,35,708,209
154,56,141,164
154,82,496,307
154,70,856,276
154,66,1076,258
154,65,649,336
154,96,383,284
154,97,1112,271
154,91,1265,558
154,99,173,294
155,94,370,421
155,2,1203,307
155,35,705,210
155,93,577,358
155,70,848,276
155,88,864,386
155,66,1072,257
155,97,1112,272
155,56,135,164
155,96,384,282
155,65,648,335
155,82,493,306
155,91,1268,553
156,65,650,331
156,2,1203,307
156,94,370,422
156,66,1070,255
156,93,572,358
156,56,128,165
156,88,873,387
156,82,488,304
156,35,705,211
156,96,379,282
156,97,1110,272
156,70,834,276
157,94,368,422
157,93,566,357
157,66,1065,255
157,2,1203,308
157,88,874,386
157,97,1107,272
157,82,483,300
157,56,123,165
157,65,655,332
157,35,703,212
157,70,826,275
157,96,375,281
158,94,366,422
158,88,875,385
158,2,1202,307
158,93,561,356
158,96,371,280
158,82,478,296
158,97,1106,272
158,66,1059,254
158,56,117,166
158,70,808,274
158,65,667,331
158,35,700,213
159,88,875,383
159,2,1194,308
159,93,556,356
159,97,1105,272
159,94,360,422
159,96,367,280
159,82,475,295
159,66,1054,254
159,56,111,167
159,70,797,272
159,100,670,327
159,35,705,213
159,65,672,336
160,2,1189,308
160,97,1102,273
160,93,552,356
160,94,355,421
160,96,365,281
160,66,1049,254
160,65,668,332
160,82,473,296
160,70,785,270
160,56,106,168
160,88,878,379
160,35,703,212
160,101,889,379
160,100,155,295
160,102,909,403
161,94,349,421
161,97,1098,274
161,93,551,355
161,70,773,271
161,65,666,332
161,2,1184,308
161,66,1045,255
161,56,102,168
161,96,361,282
161,82,473,296
161,88,887,385
161,35,698,211
161,101,896,383
162,94,343,419
162,70,762,273
162,93,549,355
162,65,666,329
162,2,1182,308
162,88,884,385
162,66,1042,255
162,97,1099,273
162,35,693,211
162,82,469,295
162,56,99,167
162,96,360,283
163,66,1039,256
163,94,339,420
163,65,664,325
163,93,549,354
163,70,753,274
163,2,1184,308
163,88,893,384
163,35,688,210
163,82,463,293
163,97,1098,273
163,96,361,283
163,56,91,167
164,94,335,421
164,66,1036,257
164,65,667,323
164,70,742,276
164,93,542,353
164,82,456,290
164,2,1185,308
164,35,687,210
164,88,896,384
164,56,82,168
164,97,1093,272
164,96,356,283
165,93,537,351
165,97,1087,271
165,70,730,277
165,65,669,324
165,82,451,287
165,66,1031,257
165,2,1183,308
165,56,76,167
165,96,351,283
165,94,333,422
165,35,685,211
165,88,895,382
166,66,1022,258
166,97,1083,271
166,88,895,378
166,93,531,348
166,94,326,421
166,96,345,281
166,2,1178,310
166,82,447,285
166,56,69,168
166,65,678,324
166,70,721,277
166,35,683,211
167,66,1012,258
167,88,897,376
167,97,1080,271
167,2,1174,310
167,93,526,347
167,96,341,281
167,94,320,420
167,82,445,285
167,70,709,276
167,65,672,324
167,56,64,168
167,35,678,212
167,103,131,292
168,94,315,420
168,66,1003,257
168,93,523,347
168,103,123,290
168,2,1172,312
168,96,338,282
168,88,903,376
168,97,1075,272
168,70,699,273
168,56,59,168
168,82,441,285
168,35,676,212
168,65,676,324
169,94,310,419
169,2,1172,312
169,66,998,256
169,93,520,347
169,56,57,168
169,65,674,323
169,96,334,282
169,35,672,211
169,88,913,378
169,82,435,284
169,103,117,290
169,97,1073,272
169,70,689,270
170,94,307,420
170,35,666,210
170,2,1172,312
170,56,49,168
170,66,995,256
170,96,329,283
170,104,911,379
170,70,676,275
170,65,675,320
170,82,428,283
170,97,1072,272
170,93,519,344
170,88,905,378
170,105,520,367
170,103,113,287
170,106,519,353
171,2,1172,312
171,35,663,209
171,94,304,421
171,66,992,254
171,65,671,316
171,97,1067,271
171,82,421,280
171,96,330,283
171,106,517,348
171,56,40,169
171,104,912,379
171,70,668,275
172,82,415,278
172,2,1168,312
172,56,32,169
172,94,304,421
172,104,915,379
172,97,1062,271
172,106,509,349
172,66,990,254
172,65,674,313
172,35,659,211
172,96,328,283
172,70,660,276
172,107,27,90
173,104,914,376
173,2,1163,311
173,82,411,275
173,106,503,347
173,94,302,422
173,56,26,170
173,97,1057,271
173,96,324,282
173,65,685,313
173,66,986,252
173,70,650,276
173,35,656,211
173,107,15,86
174,2,1159,311
174,96,318,281
174,82,407,274
174,106,498,345
174,97,1055,270
174,104,914,374
174,94,304,422
174,56,19,171
174,70,641,275
174,65,685,315
174,35,656,210
174,66,981,252
174,108,105,288
174,107,8,84
175,2,1157,310
175,94,297,420
175,96,313,279
175,106,496,342
175,97,1052,271
175,70,629,275
175,82,405,274
175,66,976,252
175,108,99,288
175,35,657,210
175,104,918,372
175,56,15,171
175,65,684,315
176,2,1157,310
176,96,310,280
176,94,292,420
176,106,492,342
176,108,92,286
176,70,621,274
176,104,934,374
176,97,1052,271
176,65,680,316
176,66,970,252
176,56,11,171
176,82,404,275
176,35,652,209
177,94,288,418
177,106,488,343
177,96,309,281
177,97,1048,271
177,66,965,253
177,2,1159,309
177,35,645,208
177,104,920,376
177,65,680,315
177,70,611,273
177,56,8,167
177,82,399,273
177,108,89,284
178,65,681,313
178,94,286,417
178,66,959,255
178,97,1042,270
178,35,640,208
178,96,304,282
178,82,393,272
178,104,928,376
178,2,1161,309
178,56,5,164
178,70,605,273
178,106,489,343
178,108,86,281
179,97,1035,269
179,65,677,308
179,94,284,418
179,66,954,255
179,35,638,208
179,104,936,375
179,82,388,271
179,106,490,343
179,96,301,282
179,2,1156,308
179,70,600,273
180,97,1031,269
180,65,679,307
180,35,636,209
180,104,933,374
180,66,947,256
180,82,384,268
180,94,284,419
180,106,485,342
180,2,1149,307
180,70,595,274
180,109,303,281
180,96,298,285
180,110,295,303
180,111,1159,287
180,112,1156,294
181,104,932,372
181,66,939,256
181,65,678,306
181,82,381,265
181,106,480,340
181,97,1027,269
181,35,633,211
181,2,1148,308
181,109,299,281
181,94,283,420
181,70,587,277
181,110,79,283
182,106,474,337
182,104,932,367
182,2,1148,308
182,65,680,308
182,66,931,256
182,82,376,262
182,94,285,420
182,109,293,279
182,97,1025,270
182,35,630,211
182,70,583,277
182,110,78,282
183,106,470,335
183,109,287,279
183,104,936,368
183,2,1148,308
183,94,279,419
183,65,684,308
183,82,373,263
183,35,629,211
183,70,577,278
183,97,1023,271
183,66,925,257
183,113,944,261
183,110,71,282
183,114,936,259
184,109,281,280
184,110,64,281
184,104,936,370
184,70,571,279
184,94,273,419
184,106,466,333
184,66,925,256
184,2,1147,310
184,35,626,211
184,97,1015,270
184,82,370,265
184,65,681,309
185,94,267,418
185,110,57,277
185,109,278,281
185,97,1007,270
185,104,938,370
185,106,460,335
185,35,618,209
185,66,923,256
185,65,681,309
185,70,560,279
185,2,1139,309
185,82,364,265
186,94,262,418
186,2,1129,310
186,97,997,270
186,106,455,336
186,35,610,209
186,65,672,307
186,70,543,280
186,82,355,264
186,109,276,282
186,104,941,370
186,66,918,258
186,110,51,277
187,97,990,269
187,65,663,304
187,2,1122,310
187,94,257,419
187,104,936,370
187,70,604,210
187,66,909,257
187,82,344,263
187,110,527,283
187,109,268,284
187,106,449,332
187,35,451,355
188,65,660,304
188,94,249,421
188,97,983,269
188,104,932,368
188,66,900,259
188,82,334,262
188,110,512,284
188,70,598,211
188,109,258,285
188,2,1117,314
188,106,444,337
188,115,1130,295
189,66,891,259
189,104,927,365
189,82,328,261
189,94,244,422
189,70,590,212
189,65,657,303
189,110,498,285
189,2,1112,312
189,106,434,338
189,97,980,270
189,109,251,285
190,104,926,365
190,106,423,335
190,66,882,260
190,82,318,260
190,110,482,285
190,65,653,306
190,97,978,269
190,94,240,422
190,2,1110,312
190,70,583,213
190,109,241,285
190,116,1119,308
191,106,412,333
191,66,875,261
191,94,232,423
191,104,920,365
191,82,306,261
191,110,465,285
191,109,229,282
191,97,965,269
191,2,18,274
191,65,648,305
191,116,1111,312
191,70,579,213
192,106,404,332
192,104,920,367
192,109,217,281
192,97,953,269
192,94,222,422
192,2,14,274
192,82,292,261
192,70,568,213
192,110,450,285
192,65,643,306
192,117,1090,314
192,118,1108,302
192,116,1099,313
192,66,866,272
192,119,875,258
193,94,211,420
193,97,941,267
193,70,557,211
193,104,922,366
193,65,638,304
193,106,390,329
193,82,285,262
193,109,206,279
193,117,1082,312
193,119,862,260
193,110,432,286
193,2,11,275
193,118,1104,302
193,116,1099,307
194,104,913,365
194,94,200,420
194,65,628,303
194,70,546,212
194,97,932,266
194,117,1074,311
194,82,276,260
194,106,381,332
194,119,847,270
194,110,411,288
194,109,201,275
194,116,859,249
194,2,6,289
194,118,1097,291
195,104,903,362
195,65,618,300
195,117,1067,309
195,70,536,211
195,118,922,267
195,94,196,419
195,82,260,257
195,110,395,290
195,109,187,276
195,119,834,269
195,116,849,248
195,97,371,331
195,106,371,343
196,65,610,297
196,94,180,421
196,82,245,255
196,70,525,212
196,117,1062,311
196,104,894,359
196,118,913,268
196,110,377,289
196,119,824,260
196,109,178,283
196,120,368,335
196,121,186,302
196,97,363,326
196,122,842,268
196,106,356,327
196,116,829,252
197,104,886,357
197,65,600,296
197,82,229,253
197,116,1051,311
197,70,519,213
197,109,165,285
197,94,172,422
197,118,905,264
197,97,813,264
197,117,1272,435
197,106,352,332
197,110,354,291
197,119,830,245
197,122,897,357
198,82,216,251
198,94,164,423
198,122,890,356
198,65,593,297
198,70,503,213
198,109,152,282
198,118,892,263
198,110,330,294
198,97,803,263
198,104,336,344
198,117,1266,436
198,123,1040,321
198,124,350,315
198,116,1050,300
198,106,340,312
198,119,814,254
199,94,149,424
199,109,136,286
199,65,587,298
199,117,1259,449
199,70,493,213
199,110,310,294
199,82,205,251
199,106,326,328
199,118,876,263
199,122,882,357
199,123,1032,319
199,97,793,259
199,116,1045,290
199,125,1270,451
200,118,864,262
200,106,312,326
200,94,135,421
200,109,123,285
200,70,479,211
200,117,1252,446
200,65,580,297
200,110,292,299
200,82,190,252
200,97,786,255
200,123,1018,316
200,116,1036,292
200,122,865,358
200,126,870,355
201,117,1246,444
201,118,854,261
201,106,299,325
201,70,466,209
201,94,122,421
201,97,779,257
201,65,567,296
201,109,114,284
201,82,176,253
201,123,1006,311
201,127,280,290
201,128,866,347
201,110,277,298
201,126,860,383
201,129,1028,318
201,116,1026,285
201,122,864,356
202,117,1233,443
202,65,556,292
202,94,110,419
202,70,453,209
202,122,854,354
202,110,843,262
202,109,106,284
202,106,288,326
202,82,160,252
202,97,763,258
202,127,262,295
202,123,1000,309
202,129,1017,291
202,116,1021,311
202,118,1007,297
203,117,1219,440
203,94,101,420
203,122,843,351
203,106,275,325
203,65,545,290
203,109,82,286
203,82,143,249
203,127,245,298
203,110,834,262
203,129,748,258
203,70,447,210
203,118,1007,303
203,123,993,307
203,97,766,256
204,94,86,422
204,117,1205,436
204,122,832,350
204,97,737,257
204,82,126,247
204,109,72,286
204,65,538,289
204,70,438,210
204,106,265,327
204,110,825,261
204,127,226,298
204,123,982,314
204,129,998,282
205,117,1189,432
205,94,79,424
205,127,209,297
205,82,108,247
205,70,419,211
205,122,825,350
205,109,59,286
205,97,729,255
205,106,252,327
205,110,809,259
205,65,530,290
205,130,982,317
205,129,984,293
205,123,969,299
206,117,1168,429
206,82,92,246
206,127,192,298
206,94,69,425
206,109,44,287
206,65,519,291
206,122,816,349
206,110,793,259
206,97,717,257
206,70,409,211
206,106,236,326
206,123,963,314
206,129,973,287
207,117,1145,422
207,109,28,286
207,110,781,257
207,127,171,299
207,94,52,426
207,70,393,210
207,106,219,324
207,82,79,246
207,129,955,300
207,122,810,350
207,65,513,291
207,123,717,256
207,97,705,255
208,94,37,424
208,117,1122,418
208,106,203,323
208,127,154,300
208,110,771,256
208,109,20,282
208,70,378,208
208,82,59,247
208,129,941,299
208,65,495,298
208,123,696,257
208,122,808,350
208,131,802,372
208,132,505,278
208,97,802,360
209,117,1101,415
209,106,190,322
209,129,928,301
209,94,29,421
209,127,136,302
209,97,798,350
209,70,364,207
209,109,15,284
209,110,758,257
209,131,684,265
209,82,44,247
209,65,485,289
209,123,695,242
210,65,474,285
210,129,919,300
210,117,1081,414
210,127,121,303
210,94,25,420
210,106,176,322
210,70,352,208
210,110,746,257
210,82,31,246
210,97,785,349
210,131,672,263
210,109,6,285
210,123,684,242
211,65,468,282
211,117,1061,411
211,97,773,345
211,106,163,323
211,70,340,208
211,94,18,421
211,127,110,303
211,82,17,245
211,129,911,300
211,110,736,257
211,131,661,253
211,123,674,264
212,97,762,344
212,65,459,283
212,131,650,251
212,117,1040,406
212,70,329,210
212,82,11,239
212,129,901,301
212,127,93,302
212,94,11,422
212,110,723,255
212,123,152,336
212,106,152,322
213,117,1021,404
213,127,74,304
213,131,642,250
213,97,757,342
213,70,318,210
213,110,710,255
213,65,451,284
213,133,901,301
213,106,144,316
213,82,6,412
213,123,147,339
213,129,894,301
214,127,58,304
214,117,1003,402
214,110,701,252
214,131,633,251
214,106,134,323
214,97,758,343
214,70,311,210
214,65,447,285
214,133,893,287
214,129,883,317
215,117,987,402
215,127,44,304
215,106,119,323
215,110,692,250
215,70,298,209
215,129,876,313
215,133,885,287
215,97,743,343
215,131,623,253
215,65,439,286
215,134,742,370
216,106,106,321
216,117,974,401
216,127,32,305
216,70,287,209
216,129,864,310
216,110,683,251
216,65,428,296
216,135,444,266
216,97,735,327
216,133,878,281
216,134,739,368
216,136,625,265
216,137,620,240
216,138,614,247
216,131,610,256
217,127,24,307
217,65,420,279
217,106,96,319
217,70,277,206
217,129,860,310
217,134,733,343
217,110,672,251
217,131,611,252
217,117,961,396
217,133,874,291
217,137,872,275
218,106,87,318
218,129,855,294
218,65,415,278
218,117,948,397
218,70,268,207
218,127,19,307
218,131,603,250
218,110,663,250
218,134,724,343
219,117,934,395
219,106,78,319
219,129,849,295
219,127,13,301
219,134,713,340
219,131,593,250
219,70,260,209
219,110,654,246
219,139,920,396
219,140,421,285
219,65,426,278
220,129,841,297
220,117,920,392
220,131,584,249
220,106,70,320
220,110,643,247
220,134,707,337
220,140,258,209
220,65,418,280
220,127,7,298
221,117,906,388
221,131,579,248
221,129,836,298
221,134,701,335
221,110,635,245
221,140,247,209
221,65,408,279
221,106,64,321
222,117,890,386
222,129,835,298
222,106,56,320
222,134,694,336
222,110,626,244
222,131,573,249
222,140,239,208
222,65,402,280
223,117,874,386
223,65,394,279
223,106,44,319
223,129,829,297
223,140,230,207
223,131,566,251
223,110,615,243
223,134,693,337
223,141,1267,183
223,142,691,353
224,117,860,387
224,106,33,318
224,140,220,207
224,129,820,298
224,65,388,279
224,110,603,243
224,134,690,337
224,141,1259,181
224,142,561,263
224,131,570,241
225,106,29,316
225,129,813,297
225,140,212,207
225,65,382,275
225,117,848,385
225,141,1252,182
225,110,593,243
225,134,680,337
225,131,560,252
226,65,378,275
226,129,810,296
226,117,836,385
226,140,206,208
226,134,674,335
226,106,24,310
226,141,1241,182
226,110,584,242
226,131,552,253
227,134,668,332
227,65,379,276
227,117,826,383
227,129,806,299
227,140,204,210
227,131,544,252
227,110,578,239
227,106,19,315
228,117,813,383
228,134,664,332
228,65,375,278
228,129,801,301
228,106,16,320
228,131,539,251
228,140,193,211
228,110,570,239
229,134,659,334
229,117,801,385
229,106,13,322
229,65,373,280
229,129,795,305
229,143,659,353
229,140,190,212
229,110,560,244
229,144,1212,184
229,131,533,253
229,145,536,253
230,117,792,384
230,140,185,213
230,129,792,307
230,65,373,282
230,134,656,328
230,106,9,315
230,110,551,235
230,143,661,359
230,131,530,254
230,144,1206,184
230,145,536,253
230,146,539,249
230,147,550,256
231,140,179,213
231,117,786,384
231,134,655,335
231,146,787,309
231,65,371,287
231,106,7,310
231,147,542,267
231,110,544,236
231,144,1196,183
231,129,802,329
231,131,524,247
231,145,377,272
232,65,367,282
232,140,173,214
232,117,783,381
232,146,783,310
232,134,651,334
232,110,536,237
232,147,530,270
232,106,5,310
232,144,1188,183
233,65,364,279
233,140,170,215
233,134,647,334
233,146,778,310
233,117,779,381
233,147,524,267
233,110,532,235
233,144,1181,184
234,140,166,216
234,65,365,281
234,134,644,330
234,117,775,381
234,146,777,311
234,110,524,229
234,147,518,268
234,144,1173,186
235,134,640,330
235,144,1169,188
235,146,775,312
235,117,771,381
235,65,372,282
235,140,163,219
235,148,507,268
235,147,520,264
235,149,507,256
235,150,519,247
235,110,518,235
236,117,767,378
236,144,1164,190
236,146,782,306
236,140,162,221
236,134,638,330
236,149,514,255
236,110,506,236
236,65,377,288
236,150,522,253
236,148,500,267
237,117,763,379
237,144,1160,192
237,65,368,286
237,140,163,221
237,134,638,333
237,146,778,306
237,150,521,255
237,110,501,238
237,148,494,270
238,117,761,379
238,134,635,334
238,146,773,304
238,140,157,221
238,65,373,287
238,110,494,243
238,144,515,255
238,148,523,281
238,150,518,278
238,151,520,282
239,134,629,333
239,146,769,312
239,117,757,379
239,140,152,221
239,65,370,287
239,110,487,242
239,144,512,248
239,148,513,273
239,150,1152,198
240,134,627,332
240,140,150,220
240,146,766,313
240,65,369,287
240,117,751,380
240,110,481,240
240,144,510,261
240,150,1145,199
241,134,626,328
241,140,148,222
241,65,369,286
241,146,764,314
241,117,747,379
241,144,505,260
241,110,477,239
242,65,374,286
242,146,761,318
242,117,743,377
242,134,622,329
242,140,147,224
242,144,501,261
242,110,474,240
243,144,499,260
243,65,376,290
243,117,742,377
243,140,143,227
243,146,758,320
243,134,620,331
243,110,469,240
243,152,893,121
244,144,501,260
244,110,463,241
244,117,737,374
244,140,145,229
244,134,620,332
244,146,758,321
244,65,378,293
244,152,884,123
245,110,457,242
245,140,145,230
245,117,733,372
245,144,505,262
245,134,618,324
245,146,755,319
245,65,384,296
246,140,142,232
246,134,614,329
246,110,454,244
246,117,731,373
246,65,383,307
246,146,753,321
246,144,502,262
246,153,393,275
247,140,139,230
247,134,612,328
247,117,726,376
247,110,451,242
247,153,384,295
247,65,496,275
247,144,500,247
247,146,754,318
248,140,139,231
248,134,609,323
248,117,722,375
248,110,450,243
248,65,498,275
248,146,756,322
248,154,408,316
248,155,396,276
248,144,502,248
248,153,384,292
248,156,384,306
249,117,720,375
249,134,608,324
249,140,147,232
249,155,398,282
249,110,447,245
249,146,753,320
249,65,494,276
249,144,500,252
250,117,720,373
250,144,493,264
250,134,606,327
250,146,752,322
250,140,140,235
250,110,447,244
250,65,405,294
250,157,1085,208
250,155,402,286
251,117,720,373
251,144,494,263
251,146,750,325
251,110,446,246
251,140,143,237
251,155,606,322
251,65,409,299
251,157,1083,210
251,134,608,336
252,117,718,374
252,146,750,324
252,157,1080,213
252,155,607,330
252,144,493,264
252,140,146,238
252,134,444,263
252,110,444,233
252,65,412,311
252,158,412,288
253,146,750,325
253,155,608,331
253,117,718,374
253,140,145,238
253,158,413,301
253,157,1077,216
253,134,442,247
253,65,507,271
253,110,500,258
253,144,491,259
254,155,607,331
254,140,144,240
254,117,718,373
254,146,749,327
254,158,413,303
254,134,440,241
254,157,1074,219
254,65,504,285
254,110,503,261
255,155,604,325
255,117,717,371
255,158,417,300
255,140,146,238
255,146,749,329
255,134,438,241
255,157,1069,222
255,65,500,279
255,110,503,255
255,159,754,333
256,146,750,331
256,159,715,369
256,140,160,240
256,110,501,267
256,134,435,241
256,155,610,313
256,117,605,346
256,65,432,292
256,160,440,320
256,157,1066,226
256,158,420,297
256,161,1060,217
257,159,711,369
257,155,605,329
257,140,159,244
257,65,442,300
257,110,500,266
257,134,431,238
257,146,750,323
257,158,429,300
257,157,1061,226
258,155,604,331
258,159,710,371
258,134,430,246
258,140,154,246
258,158,449,303
258,110,497,271
258,146,750,323
258,65,503,261
258,157,1056,228
258,162,753,342
259,155,602,330
259,110,501,264
259,157,1051,229
259,159,707,372
259,134,428,249
259,140,160,247
259,146,749,331
259,158,451,306
259,163,1074,194
259,162,753,340
260,110,502,265
260,140,159,248
260,134,424,248
260,155,603,329
260,158,457,308
260,157,1046,231
260,159,707,371
260,146,750,326
260,162,751,341
261,134,421,249
261,155,604,325
261,158,456,309
261,159,703,374
261,157,1041,232
261,110,505,268
261,140,160,248
261,146,750,331
262,134,419,249
262,110,504,270
262,158,460,310
262,140,161,248
262,146,750,332
262,159,703,377
262,155,610,328
262,157,1036,234
262,164,619,323
263,158,464,308
263,164,416,251
263,146,750,335
263,155,616,328
263,157,1030,236
263,159,700,379
263,110,512,271
263,140,167,248
263,134,177,249
264,146,750,336
264,158,470,304
264,159,697,380
264,164,414,253
264,155,618,332
264,110,515,266
264,157,1024,237
264,134,179,251
265,159,696,380
265,146,750,340
265,155,617,333
265,134,181,253
265,164,413,254
265,110,517,267
265,158,485,297
265,157,1018,239
266,159,694,380
266,155,621,329
266,157,1012,241
266,164,411,255
266,134,180,256
266,158,489,314
266,110,519,273
266,146,750,338
266,165,755,346
267,159,695,379
267,165,752,344
267,110,522,274
267,164,409,256
267,155,626,328
267,158,499,315
267,157,1008,243
267,166,182,263
267,134,185,250
267,146,637,325
268,159,691,378
268,164,407,255
268,110,527,274
268,134,190,247
268,167,758,347
268,157,1003,244
268,168,721,153
268,155,634,338
268,158,500,316
268,146,651,309
268,165,746,345
268,166,504,325
269,159,687,378
269,167,759,350
269,164,406,255
269,157,998,245
269,110,530,277
269,158,505,315
269,134,196,253
269,146,652,322
269,168,717,154
269,165,638,352
269,166,506,334
270,159,682,377
270,167,760,351
270,157,994,247
270,134,203,256
270,158,514,316
270,146,649,329
270,164,405,255
270,110,532,277
271,159,678,375
271,167,757,353
271,134,211,257
271,158,527,319
271,164,408,256
271,110,536,267
271,157,989,248
271,169,648,338
271,170,523,308
271,146,655,328
271,171,667,311
272,170,542,317
272,110,541,269
272,167,754,354
272,159,671,370
272,134,214,258
272,164,409,257
272,157,986,250
272,172,677,319
272,171,671,326
272,158,743,355
272,169,648,347
272,146,659,336
273,170,553,320
273,157,981,251
273,134,219,261
273,164,410,257
273,159,667,370
273,167,753,354
273,171,546,271
273,172,684,323
274,164,410,256
274,157,977,252
274,159,661,371
274,134,223,261
274,171,550,270
274,167,752,353
274,170,560,326
274,172,689,321
274,173,6,364
274,174,550,323
275,159,657,369
275,157,974,252
275,164,412,256
275,172,697,319
275,134,227,261
275,167,749,352
275,171,556,274
275,174,563,329
275,173,11,350
276,157,972,253
276,159,652,367
276,164,415,256
276,134,234,260
276,167,751,350
276,173,16,351
276,172,706,321
276,175,565,316
276,171,563,276
276,174,586,351
277,157,972,254
277,159,648,363
277,173,18,354
277,164,415,256
277,134,241,259
277,167,749,348
277,174,586,330
277,171,569,277
277,172,715,324
277,175,573,327
278,157,973,255
278,164,422,259
278,159,647,364
278,134,252,259
278,173,19,357
278,167,745,348
278,171,577,278
278,174,591,329
278,172,735,306
278,175,581,324
279,164,425,261
279,159,646,365
279,134,262,261
279,173,24,356
279,157,973,255
279,172,745,314
279,171,587,286
279,174,726,346
279,175,598,330
279,167,742,345
279,176,750,342
280,159,644,365
280,173,36,357
280,134,272,264
280,164,428,263
280,157,974,256
280,172,757,318
280,176,756,332
280,174,730,345
280,167,588,282
280,177,5,456
280,171,596,284
280,175,603,332
281,173,41,355
281,159,639,363
281,172,773,321
281,134,284,265
281,176,738,354
281,164,428,263
281,177,8,438
281,157,974,258
281,171,598,285
281,167,600,297
281,175,716,327
281,174,720,334
282,173,46,354
282,172,785,327
282,159,632,362
282,134,289,266
282,177,11,434
282,164,429,256
282,171,603,287
282,174,717,346
282,176,432,273
282,157,974,259
282,175,727,347
282,178,608,305
282,179,609,320
282,167,608,297
282,180,697,164
283,173,56,352
283,177,14,434
283,172,795,330
283,134,297,265
283,164,435,264
283,174,714,346
283,159,632,361
283,167,611,286
283,175,726,347
283,157,973,258
283,180,697,165
284,173,67,353
284,177,19,437
284,134,305,267
284,172,803,330
284,175,713,347
284,164,437,264
284,167,610,295
284,159,618,361
284,157,972,261
284,180,697,166
284,174,645,341
285,177,27,439
285,173,75,355
285,175,710,348
285,134,316,269
285,172,812,330
285,164,436,264
285,159,614,362
285,167,612,293
285,174,641,341
285,180,698,167
285,157,970,253
286,177,35,438
286,134,327,270
286,172,826,331
286,159,610,360
286,164,437,267
286,181,84,370
286,173,82,357
286,175,702,330
286,174,646,352
286,180,698,168
286,182,79,347
286,157,970,258
286,183,703,367
286,184,439,280
286,167,613,289
287,177,44,441
287,134,336,272
287,172,840,331
287,159,605,355
287,173,93,360
287,175,705,349
287,184,440,281
287,174,647,344
287,164,433,262
287,180,700,169
287,167,615,298
287,182,438,267
287,183,970,266
287,157,970,250
288,172,853,331
288,159,600,353
288,173,103,360
288,134,344,275
288,177,49,443
288,164,439,263
288,167,619,298
288,184,697,346
288,174,653,343
288,180,700,170
288,183,972,271
288,175,698,371
289,172,864,332
289,134,351,277
289,177,61,444
289,159,591,355
289,173,112,359
289,167,622,298
289,164,439,263
289,184,694,348
289,175,696,364
289,174,658,344
289,183,667,345
290,172,874,334
290,173,119,357
290,134,359,277
290,177,71,444
290,159,585,355
290,164,441,263
290,167,623,296
290,184,692,349
290,183,660,342
291,172,880,336
291,159,582,354
291,173,128,358
291,134,369,278
291,164,443,263
291,167,625,296
291,177,78,443
291,185,78,472
291,186,974,269
291,184,688,367
291,187,690,334
291,183,659,337
291,188,684,332
291,189,705,172
291,190,682,360
292,172,888,337
292,177,84,444
292,159,579,353
292,173,136,357
292,167,626,296
292,134,380,278
292,186,973,270
292,164,445,265
292,190,682,364
292,183,660,335
292,187,686,338
292,189,707,172
292,184,685,353
293,177,96,441
293,172,899,337
293,173,147,355
293,159,575,353
293,134,392,277
293,167,628,295
293,164,450,266
293,186,975,272
293,183,662,336
293,190,683,364
293,187,686,338
294,172,910,338
294,177,106,442
294,164,452,267
294,159,576,353
294,167,632,296
294,134,401,278
294,173,156,359
294,190,686,363
294,191,157,373
294,186,978,272
294,187,689,340
294,192,680,329
294,183,666,329
294,193,658,329
295,177,114,444
295,172,920,339
295,159,575,354
295,164,454,268
295,167,633,296
295,134,410,278
295,190,684,362
295,187,690,341
295,191,171,376
295,194,168,347
295,186,981,272
295,183,658,324
295,192,684,336
295,195,716,175
295,193,410,290
295,173,163,354
296,177,121,446
296,159,570,352
296,164,457,269
296,172,928,342
296,191,177,361
296,167,632,296
296,192,694,336
296,186,984,271
296,187,682,361
296,134,412,270
296,190,688,366
296,193,422,293
296,195,718,176
296,173,678,328
296,183,668,324
297,177,133,447
297,191,192,361
297,159,565,350
297,172,935,340
297,164,457,269
297,193,422,283
297,167,632,297
297,192,693,334
297,187,680,359
297,186,988,270
297,190,693,373
297,183,663,324
297,173,676,327
297,195,722,176
298,159,562,349
298,164,459,270
298,172,947,342
298,191,200,361
298,167,634,298
298,177,145,446
298,193,429,287
298,183,662,329
298,190,681,358
298,192,695,344
298,186,991,269
298,187,144,475
298,173,677,332
299,159,561,349
299,172,956,339
299,187,154,445
299,191,211,359
299,167,633,299
299,164,459,269
299,183,663,328
299,193,448,289
299,196,697,369
299,177,440,288
299,173,694,338
299,190,683,360
299,186,994,269
299,192,689,364
300,191,221,355
300,159,560,348
300,187,165,445
300,172,963,337
300,173,699,340
300,192,693,362
300,177,456,293
300,196,667,324
300,190,629,288
300,197,449,267
300,164,455,270
300,193,462,275
300,183,635,314
300,186,999,271
300,167,633,297
301,187,176,444
301,193,460,279
301,159,558,346
301,191,231,355
301,172,970,337
301,167,633,299
301,173,702,340
301,164,680,343
301,186,1004,269
301,192,698,367
301,190,641,301
301,177,4,353
302,159,561,343
302,187,189,444
302,172,979,337
302,191,244,357
302,193,446,264
302,177,473,295
302,190,637,302
302,173,703,341
302,164,675,343
302,186,1008,274
302,198,7,382
302,192,702,367
302,199,742,180
303,187,197,445
303,159,563,342
303,172,987,338
303,191,252,358
303,177,477,294
303,193,448,263
303,190,633,303
303,198,10,387
303,200,12,322
303,192,702,362
303,164,685,329
303,173,703,336
303,186,1014,279
303,199,746,179
304,201,207,447
304,159,566,342
304,198,17,386
304,172,996,337
304,193,450,266
304,191,260,360
304,177,481,294
304,190,635,304
304,200,14,322
304,187,206,462
304,173,707,341
304,186,1017,274
304,199,750,179
304,164,672,332
305,172,1005,338
305,198,24,386
305,193,451,266
305,200,13,323
305,191,269,359
305,177,487,295
305,187,215,448
305,159,570,342
305,202,639,322
305,190,628,298
305,173,715,335
305,186,1019,277
305,203,702,353
305,201,558,342
305,199,754,180
305,204,653,308
305,164,639,305
306,193,451,266
306,172,1014,340
306,198,30,389
306,200,18,333
306,177,493,293
306,201,563,340
306,159,573,340
306,173,720,334
306,190,623,306
306,186,1026,274
306,191,277,358
306,187,223,429
306,204,281,376
306,205,225,475
306,203,703,351
306,164,683,336
306,202,636,317
306,199,758,181
307,172,1020,343
307,200,26,334
307,198,40,390
307,191,287,357
307,193,449,266
307,201,575,335
307,177,498,292
307,190,624,308
307,173,722,337
307,159,690,345
307,187,236,447
307,205,236,474
307,186,1031,274
307,199,762,180
308,193,444,266
308,206,299,355
308,200,32,333
308,177,504,290
308,173,728,336
308,172,1027,344
308,159,688,341
308,198,55,391
308,207,632,318
308,201,563,335
308,186,1035,271
308,191,246,435
308,190,627,308
308,205,246,475
308,187,246,457
309,193,440,266
309,206,311,355
309,172,1034,346
309,200,46,335
309,177,510,290
309,159,694,342
309,173,732,338
309,187,254,471
309,198,65,391
309,190,559,325
309,191,252,422
309,207,626,299
309,186,772,181
309,201,567,348
310,206,318,353
310,198,73,390
310,172,1040,345
310,187,265,448
310,200,55,336
310,193,440,266
310,191,515,290
310,173,735,338
310,159,695,342
310,190,561,322
310,177,1047,273
310,207,635,312
310,186,776,182
310,201,563,354
311,187,274,445
311,193,440,265
311,206,325,353
311,198,82,389
311,172,1046,344
311,191,519,289
311,200,59,336
311,159,696,344
311,173,741,338
311,208,619,313
311,190,564,324
311,207,630,312
311,209,580,350
311,201,576,345
311,186,780,182
311,210,605,313
311,211,585,354
311,177,1051,271
312,198,93,388
312,191,523,288
312,193,440,266
312,172,1051,344
312,206,332,355
312,201,571,336
312,187,284,446
312,200,65,335
312,173,748,337
312,159,695,342
312,207,624,318
312,186,784,182
312,208,278,423
312,210,615,317
312,177,1056,280
313,191,527,288
313,172,1057,342
313,198,104,388
313,208,292,448
313,200,72,336
313,193,439,265
313,206,343,355
313,173,752,334
313,210,620,316
313,187,291,465
313,201,574,335
313,159,693,341
313,186,788,182
313,207,687,329
313,177,1058,273
314,198,112,390
314,208,298,449
314,201,582,334
314,191,533,290
314,206,352,353
314,200,79,335
314,172,1060,341
314,193,436,263
314,173,756,333
314,210,622,324
314,207,686,328
314,159,699,341
314,186,792,182
315,198,122,391
315,172,1065,342
315,159,693,335
315,191,537,292
315,206,359,352
315,173,758,332
315,200,86,334
315,193,430,263
315,210,620,330
315,208,303,445
315,201,581,326
315,207,304,467
315,212,306,483
315,186,796,183
316,198,136,392
316,172,1068,342
316,200,90,334
316,159,693,332
316,191,538,291
316,206,366,350
316,173,763,331
316,207,316,476
316,193,427,262
316,201,587,329
316,210,618,332
316,208,307,430
317,172,1070,343
317,206,371,348
317,159,692,330
317,198,146,391
317,191,538,291
317,200,92,333
317,173,764,331
317,193,423,260
317,201,582,328
317,210,615,337
317,208,316,441
317,207,318,475
318,198,152,390
318,159,690,329
318,172,1070,344
318,200,95,334
318,173,767,332
318,191,534,289
318,193,419,261
318,207,325,477
318,213,376,362
318,208,320,426
318,214,374,327
318,215,801,181
318,206,375,348
318,210,615,341
318,216,1070,279
318,201,572,324
319,159,686,328
319,173,767,332
319,208,329,449
319,172,1070,347
319,198,157,388
319,200,95,333
319,191,530,287
319,193,412,260
319,206,378,348
319,201,568,324
319,216,1072,282
319,215,801,180
319,210,609,342
320,159,681,328
320,172,1071,349
320,208,331,448
320,173,764,330
320,198,163,387
320,200,92,331
320,191,525,287
320,193,404,261
320,217,373,329
320,201,561,321
320,206,382,363
320,216,1074,284
321,159,674,327
321,208,330,449
321,198,167,389
321,172,1068,349
321,173,761,328
321,200,90,330
321,191,519,285
321,201,548,318
321,193,397,261
321,217,374,333
321,216,1082,288
321,206,382,362
321,218,796,180
322,173,755,325
322,198,172,389
322,159,663,326
322,208,328,450
322,200,83,329
322,172,1063,348
322,201,542,318
322,191,513,277
322,216,1083,288
322,206,375,343
322,193,389,262
322,218,792,180
323,172,1056,345
323,173,749,326
323,159,650,325
323,200,77,329
323,206,372,343
323,193,375,260
323,191,504,273
323,216,1084,292
323,198,176,389
323,219,328,474
323,201,534,317
323,208,322,435
323,218,785,179
323,220,505,301
324,159,637,322
324,172,1047,344
324,173,740,322
324,198,174,389
324,208,318,451
324,200,68,329
324,206,366,344
324,193,359,260
324,191,493,264
324,216,1084,294
324,201,518,318
324,220,491,306
324,218,777,178
325,172,1033,344
325,173,730,320
325,198,167,388
325,200,57,329
325,206,359,342
325,159,620,320
325,193,345,258
325,208,310,450
325,221,310,467
325,191,478,268
325,220,500,321
325,201,476,319
325,222,1135,244
326,172,1019,345
326,198,160,387
326,206,352,341
326,173,719,321
326,193,330,256
326,200,50,329
326,159,603,319
326,221,304,475
326,191,468,268
326,201,456,320
326,208,295,424
326,220,481,321
327,172,1002,346
327,198,155,385
327,206,341,340
327,200,36,327
327,159,587,317
327,193,316,255
327,173,707,322
327,221,294,475
327,191,454,268
327,223,287,446
327,201,446,321
327,224,293,454
327,220,456,322
327,208,286,426
327,225,1081,309
328,198,151,385
328,224,284,448
328,206,330,340
328,172,990,348
328,200,25,326
328,173,695,323
328,193,300,255
328,159,573,316
328,191,440,271
328,201,430,323
329,206,319,340
329,173,683,322
329,172,977,348
329,200,15,325
329,193,282,254
329,198,145,386
329,226,274,475
329,201,411,325
329,159,556,317
329,191,426,271
329,224,275,449
329,227,717,176
330,224,262,450
330,172,964,347
330,173,674,320
330,206,310,340
330,198,139,388
330,193,263,253
330,226,262,468
330,200,10,324
330,159,538,317
330,191,411,269
330,201,385,318
330,227,537,346
331,224,248,451
331,173,664,319
331,198,145,389
331,206,301,338
331,172,950,347
331,193,244,253
331,159,523,299
331,191,397,269
331,201,369,325
331,226,397,286
331,227,516,349
331,228,690,175
332,224,235,451
332,198,142,390
332,206,290,338
332,193,224,254
332,172,934,345
332,173,655,316
332,191,382,281
332,159,505,301
332,226,381,296
332,227,500,346
332,201,351,327
333,198,133,389
333,224,222,452
333,172,920,342
333,193,205,255
333,206,278,336
333,173,643,313
333,191,367,283
333,226,366,297
333,201,489,317
333,159,489,299
333,227,475,347
334,172,908,339
334,193,188,255
334,224,209,453
334,198,125,387
334,173,632,308
334,206,266,336
334,201,465,319
334,191,353,283
334,226,352,297
334,227,649,175
335,193,173,257
335,172,897,337
335,198,118,387
335,224,200,453
335,173,621,306
335,206,251,335
335,201,449,319
335,191,340,284
336,193,159,256
336,224,193,453
336,172,885,336
336,198,116,387
336,173,613,305
336,201,437,318
336,206,238,335
336,191,330,263
336,229,327,301
337,198,116,390
337,193,147,256
337,224,187,452
337,172,875,335
337,173,606,304
337,201,426,319
337,206,228,334
337,191,318,262
337,229,315,300
337,230,934,293
338,172,867,335
338,193,136,255
338,224,182,453
338,198,118,390
338,206,218,334
338,173,600,308
338,201,417,320
338,229,305,301
338,191,308,263
339,198,121,390
339,224,175,453
339,193,125,253
339,172,858,332
339,201,407,319
339,206,210,334
339,173,592,308
339,229,295,301
339,231,594,295
339,191,298,264
339,232,972,238
339,233,598,284
339,234,596,174
340,172,849,336
340,193,114,253
340,198,116,391
340,224,168,456
340,231,587,311
340,206,203,335
340,201,400,320
340,229,285,302
340,191,288,280
340,173,905,301
340,233,236,321
340,234,588,175
341,198,116,389
341,172,840,337
341,193,104,253
341,224,158,457
341,231,581,315
341,191,278,284
341,201,390,322
341,229,277,298
341,206,199,334
341,233,225,322
341,235,958,236
341,236,202,352
341,237,196,316
341,173,900,307
342,172,831,339
342,224,156,457
342,198,115,386
342,193,95,250
342,231,574,317
342,201,381,318
342,229,269,302
342,191,271,284
342,236,190,347
342,206,186,330
342,233,213,319
342,237,585,297
343,172,823,340
343,224,152,460
343,231,570,320
343,198,118,385
343,193,89,251
343,229,262,305
343,201,370,320
343,206,180,316
343,236,196,343
343,191,265,286
343,238,944,238
343,237,583,300
344,224,148,461
344,231,567,320
344,193,81,252
344,172,817,339
344,201,365,321
344,191,256,287
344,198,124,389
344,236,190,343
344,239,135,387
344,206,176,328
344,237,182,317
344,238,939,241
345,172,812,336
345,224,144,460
345,231,568,318
345,193,66,251
345,201,355,319
345,191,252,285
345,198,144,483
345,239,146,387
345,236,184,346
345,206,183,329
345,240,162,327
345,237,181,309
345,241,146,371
345,242,555,175
345,243,160,333
346,224,140,463
346,201,347,321
346,193,63,254
346,172,807,338
346,231,569,318
346,236,246,288
346,243,152,326
346,206,180,345
346,237,178,319
346,244,945,223
346,191,246,275
346,241,150,372
346,245,928,242
347,224,136,460
347,193,52,255
347,172,803,335
347,236,337,321
347,201,571,315
347,191,241,288
347,237,175,332
347,241,157,392
347,243,144,316
347,231,866,321
347,206,38,256
348,193,47,255
348,224,135,461
348,172,797,335
348,236,331,321
348,201,575,314
348,191,236,288
348,231,863,323
348,243,135,316
348,237,174,333
348,246,152,324
348,247,175,356
348,241,162,392
348,248,926,324
348,206,162,377
348,249,172,316
349,224,132,462
349,172,791,336
349,236,325,325
349,193,42,257
349,241,170,387
349,201,576,314
349,231,859,326
349,191,231,290
349,246,148,327
349,243,133,318
349,249,169,317
350,236,319,325
350,193,40,257
350,172,786,335
350,201,576,312
350,241,173,389
350,224,130,493
350,249,130,438
350,191,227,290
350,243,138,313
350,231,854,327
351,201,576,309
351,193,39,255
351,236,314,324
351,241,185,388
351,172,781,334
351,224,130,491
351,191,223,289
351,250,131,457
351,251,162,329
351,243,134,313
351,249,131,438
351,231,850,326
351,252,129,314
351,253,530,177
352,201,578,308
352,172,776,335
352,193,36,255
352,241,198,392
352,251,161,330
352,236,310,321
352,224,133,493
352,191,221,289
352,250,132,458
352,252,26,255
352,243,131,310
352,254,591,282
352,231,849,327
352,253,528,178
352,255,305,355
353,172,772,339
353,201,579,311
353,250,134,466
353,236,306,328
353,251,161,335
353,241,204,401
353,193,32,260
353,252,20,260
353,243,128,312
353,191,218,288
353,253,525,183
353,231,846,328
353,224,216,311
354,172,768,342
354,201,581,311
354,243,124,312
354,251,157,335
354,193,32,262
354,250,132,465
354,256,134,491
354,236,301,322
354,252,216,295
354,241,208,403
354,231,845,331
354,191,215,275
354,253,522,184
354,224,215,310
354,257,915,333
355,172,763,339
355,193,30,260
355,243,122,307
355,241,218,399
355,231,844,327
355,251,156,334
355,224,210,312
355,191,212,273
355,250,131,461
355,201,584,310
355,256,133,491
355,236,296,329
355,252,130,440
356,201,593,310
356,172,759,338
356,251,154,334
356,193,27,260
356,231,843,326
356,191,210,292
356,241,226,395
356,250,135,465
356,243,119,302
356,236,293,313
356,252,18,260
356,256,217,432
356,224,517,182
357,172,754,342
357,241,230,400
357,201,599,315
357,250,136,471
357,252,27,265
357,251,151,339
357,256,137,488
357,191,209,297
357,231,844,330
357,236,294,329
357,193,117,305
357,224,515,186
357,243,117,291
357,258,913,334
357,259,128,443
358,250,138,473
358,241,237,401
358,201,601,317
358,252,27,270
358,172,746,343
358,193,117,307
358,251,151,342
358,236,287,325
358,191,206,287
358,259,203,319
358,224,513,190
359,250,136,472
359,252,28,268
359,241,245,394
359,172,742,343
359,201,602,312
359,251,150,340
359,193,117,305
359,236,285,320
359,260,206,298
359,259,201,317
359,191,206,281
360,250,134,466
360,201,605,306
360,252,30,262
360,241,254,391
360,251,149,335
360,172,739,328
360,236,283,319
360,193,117,297
360,260,204,294
360,261,841,327
360,259,202,307
360,191,291,357
360,262,748,361
360,263,745,349
361,250,134,469
361,201,608,306
361,252,32,263
361,251,148,336
361,172,736,331
361,236,281,322
361,193,116,298
361,241,264,397
361,260,203,292
361,264,203,278
361,259,200,308
361,261,840,329
361,262,510,185
361,263,741,355
362,250,135,476
362,172,733,340
362,201,611,310
362,252,34,270
362,251,143,340
362,236,279,330
362,193,122,302
362,264,202,280
362,259,198,321
362,241,281,403
362,262,509,190
362,265,293,369
363,201,616,312
363,250,138,475
363,172,730,339
363,236,278,329
363,264,202,305
363,251,144,341
363,193,126,300
363,259,138,503
363,266,22,276
363,252,36,272
363,241,295,403
363,262,508,192
364,250,141,475
364,172,727,337
364,201,622,312
364,259,142,499
364,236,279,329
364,251,146,341
364,193,128,295
364,241,309,402
364,264,200,305
364,266,32,275
364,252,43,272
364,262,509,192
365,172,724,336
365,201,626,311
365,250,144,474
365,193,131,293
365,241,315,400
365,252,42,270
365,251,145,340
365,264,200,303
365,236,278,331
365,266,32,271
365,259,144,493
365,262,509,192
366,241,325,393
366,172,716,336
366,201,631,311
366,252,46,267
366,264,199,301
366,193,134,290
366,250,149,471
366,251,145,338
366,266,31,267
366,236,277,329
366,262,509,189
367,241,335,396
367,172,704,336
367,250,152,474
367,266,41,268
367,201,636,311
367,264,198,302
367,251,147,339
367,236,275,329
367,193,137,292
367,252,137,281
367,267,130,315
367,262,509,191
368,250,158,478
368,172,702,340
368,268,56,272
368,201,641,311
368,266,44,273
368,241,347,403
368,251,145,343
368,264,199,307
368,236,275,333
368,269,197,329
368,193,142,295
368,267,131,318
368,270,127,318
368,262,509,195
368,252,143,284
369,172,697,339
369,250,159,478
369,201,645,308
369,268,61,271
369,241,353,404
369,251,140,342
369,266,50,276
369,264,198,307
369,269,197,329
369,193,146,284
369,262,509,195
369,236,275,333
369,267,137,328
370,250,160,474
370,268,68,268
370,201,649,305
370,172,694,335
370,264,198,305
370,267,141,339
370,193,142,289
370,241,364,397
370,236,274,331
370,251,368,427
370,262,509,193
372,271,62,324
